<?xml version="1.0" encoding="utf-8"?>
<eml:eml xmlns:eml="eml://ecoinformatics.org/eml-2.1.1" xmlns:xsi="http://www.w3.org/2001/XMLSchema-instance"
         xsi:schemaLocation="eml://ecoinformatics.org/eml-2.1.1 http://rs.gbif.org/schema/eml-gbif-profile/1.1/eml.xsd"
        packageId="10.15468/dl.vs20ay"  system="http://gbif.org" scope="system"
  xml:lang="en">

<dataset>
        <alternateIdentifier>0001895-171002173027117</alternateIdentifier>
    <title>GBIF Occurrence Download 10.15468/dl.vs20ay</title>
    <creator>
    <individualName>
        <surName>GBIF Download Service</surName>
    </individualName>
<electronicMailAddress>support@gbif.org</electronicMailAddress>    </creator>
    <metadataProvider>
    <individualName>
        <surName>GBIF Download Service</surName>
    </individualName>
<electronicMailAddress>support@gbif.org</electronicMailAddress>    </metadataProvider>
    <associatedParty>
<organizationName>SCAN</organizationName><electronicMailAddress>benjamin.brandt@nau.edu</electronicMailAddress><onlineUrl>http://symbiota4.acis.ufl.edu/scan/portal/index.php</onlineUrl>    <role>CONTENT_PROVIDER</role>
    </associatedParty>
      <pubDate>
      2017-10-08
      </pubDate>
    <language>ENGLISH</language>
    <abstract>
        <para>A dataset containing all occurrences available in GBIF matching the query:
DatasetKey: M. Andrew Johnston Collection
The dataset includes records from the following constituent datasets. The full metadata for each constituent is also included in this archive:
2255 records from M. Andrew Johnston Collection
</para>
    </abstract>
      <contact>
    <individualName>
        <surName>GBIF Download Service</surName>
    </individualName>
<electronicMailAddress>support@gbif.org</electronicMailAddress>      </contact>

</dataset>

<additionalMetadata>
    <metadata>
      <gbif>
        <dateStamp>2017-10-08T05:14:40Z</dateStamp>
      <citation identifier="10.15468/dl.vs20ay">GBIF Occurrence Download 10.15468/dl.vs20ay</citation>
              <physical>
                  <objectName></objectName>
                  <characterEncoding>UTF-8</characterEncoding>
                  <dataFormat>
                      <externallyDefinedFormat>
                          <formatName>Darwin Core Archive</formatName>
                      </externallyDefinedFormat>
                  </dataFormat>
                  <distribution>
                      <online>
                          <url function="download">http://api.gbif.org/v1/occurrence/download/request/0001895-171002173027117.zip</url>
                      </online>
                  </distribution>
              </physical>
        </gbif>
    </metadata>
</additionalMetadata>

</eml:eml>
